<?xml version="1.0" encoding="UTF-8" standalone="no"?>
<curriculum-vitae>
<personal-details>
<given-names>Anca Maria</given-names>
<surname>z Ranca</surname>
<date-of-birth>
<day>01</day>
<month>04</month>
<year>1994</year>
</date-of-birth>
<address>
<street>Rancova</street>
<number>42</number>
<city>Ranc za Humnom</city>
<postal-code>123456</postal-code>
<state>Michigan</state>
<country>USA</country>
</address>
<phones>
<phone>0905123123</phone>
<phone>0907123456</phone>
</phones>
<emails>
<email>anca@zranca.com</email>
<email>anicka.z.ranca@gmail.com</email>
</emails>
<social>
<site>linkedin.com/anicka</site>
<site>www.anicka-z-ranca.com</site>
</social>
</personal-details>
<education>
<edu from="2004" to="2008">
<name-of-education>Primary school</name-of-education>
<name-of-school>Primary school NY</name-of-school>
<note>What did I learn there.</note>
</edu>
<edu from="2008" to="2010">
<name-of-education>High school</name-of-education>
<name-of-school>Primary school New York City</name-of-school>
<note>What did I learn there. I really have no idea.</note>
</edu>
<edu from="2010" to="">
<name-of-education>University</name-of-education>
<name-of-school>University of Queensland</name-of-school>
<note>...</note>
</edu>
</education>
<employment>
<emp from="2014" to="2015">
<company>Looser, Inc.</company>
<position>cleaner</position>
<note>I was cleaning floors all the time...</note>
</emp>
<emp from="2015" to="">
<company>Starbucks, Inc.</company>
<position>waitress</position>
<note>I am making coffee and I like it!</note>
</emp>
</employment>
<language-skills>
<lang name="en">
<level>A2</level>
<note/>
</lang>
</language-skills>
<computer-skills>
<skill>
<name>Windows</name>
<note>I can use it...</note>
</skill>
<skill>
<name>HTML</name>
<note>I can open my browser window...</note>
</skill>
</computer-skills>
<certificates>
<cert year="2000">
<name>Baking with mum</name>
<note>I made my first cake!</note>
</cert>
</certificates>
<driving-licence>
<class>
<name>B</name>
<note>I drove my uncle's truck...</note>
</class>
</driving-licence>
<characteristic>I am a tall person with blond hair and warm heart...</characteristic>
<hobbies>I ride ponnies and bike.. I hate football...</hobbies>
</curriculum-vitae>
